QR Code Data,Date and Time
HELLO1234L,04/18/2023 20:46:33
HELLO1234L,04/18/2023 20:46:33
HELLO1234L,04/18/2023 20:46:33
HELLO1234L,04/18/2023 20:46:33
HELLO1234L,04/18/2023 20:46:33
HELLO1234L,04/18/2023 20:46:33
HELLO1234L,04/18/2023 20:46:33
HELLO1234L,04/18/2023 20:46:33
HELLO1234L,04/18/2023 20:46:33
HELLO1234L,04/18/2023 20:46:33
HELLO1234L,04/18/2023 20:46:33
HELLO1234L,04/18/2023 20:46:33
HELLO1234L,04/18/2023 20:46:34
HELLO1234L,04/18/2023 20:46:34
HELLO1234L,04/18/2023 20:46:34
HELLO1234L,04/18/2023 20:46:34
HELLO1234L,04/18/2023 20:46:34
HELLO1234L,04/18/2023 20:46:34
HELLO1234L,04/18/2023 20:46:34
HELLO1234L,04/18/2023 20:46:34
HELLO1234L,04/18/2023 20:46:34
HELLO1234L,04/18/2023 20:46:34
HELLO1234L,04/18/2023 20:46:34
HELLO1234L,04/18/2023 20:46:34
HELLO1234L,04/18/2023 20:46:34
HELLO1234L,04/18/2023 20:46:34
HELLO1234L,04/18/2023 20:46:34
HELLO1234L,04/18/2023 20:46:34
HELLO1234L,04/18/2023 20:46:34
HELLO1234L,04/18/2023 20:46:34
HELLO1234L,04/18/2023 20:46:34
HELLO1234L,04/18/2023 20:46:34
HELLO1234L,04/18/2023 20:46:35
HELLO1234L,04/18/2023 20:46:35
QR Code Data,Date and Time
https://www.youtube.com,04/18/2023 20:48:03
https://iac.srmist.edu.in,04/18/2023 20:48:20
https://www.google.com,04/18/2023 20:48:31
QR Code Data,Date and Time
https://www.youtube.com,04/18/2023 20:56:12
8901425054789,04/18/2023 20:56:43
8901425054789,04/18/2023 20:56:44
8901425054789,04/18/2023 20:56:44
8901425054789,04/18/2023 20:56:44
8901425054789,04/18/2023 20:56:44
8901425054789,04/18/2023 20:56:44
8901425054789,04/18/2023 20:56:44
8901425054789,04/18/2023 20:56:44
8901425054789,04/18/2023 20:56:44
8901425054789,04/18/2023 20:56:44
8901425054789,04/18/2023 20:56:44
8901425054789,04/18/2023 20:56:44
8901425054789,04/18/2023 20:56:44
8901425054789,04/18/2023 20:56:44
QR Code Data,Date and Time
QR Code Data,Date and Time
https://www.google.com,04/18/2023 21:18:23
8901425054789,04/18/2023 21:18:47
8901425054789,04/18/2023 21:18:48
QR Code Data,Date and Time
https://www.google.com,04/18/2023 22:14:59
HELLO1234L,04/18/2023 22:15:08
HELLO1234L,04/18/2023 22:15:09
HELLO1234L,04/18/2023 22:15:10
HELLO1234L,04/18/2023 22:15:11
HELLO1234L,04/18/2023 22:15:12
https://iac.srmist.edu.in,04/18/2023 22:15:19
https://www.google.com,04/18/2023 22:15:30
QR Code Data,Date and Time
8901425054789,04/18/2023 22:31:19
8901425054789,04/18/2023 22:31:20
8901425054789,04/18/2023 22:31:21
8901425054789,04/18/2023 22:31:22
8901425054789,04/18/2023 22:31:23
8901425054789,04/18/2023 22:31:24
QR Code Data,Date and Time
8901425054789,18/04/2023 22:35:10
QR Code Data,Date and Time
https://academia.srmist.edu.in,18/04/2023 22:37:00
HELLO1234L,18/04/2023 22:38:14
HELLO1234L,18/04/2023 22:38:15
HELLO1234L,18/04/2023 22:38:16
HELLO1234L,18/04/2023 22:38:17
HELLO1234L,18/04/2023 22:38:18
HELLO1234L,18/04/2023 22:38:19
HELLO1234L,18/04/2023 22:38:20
QR Code Data,Date and Time
QR Code Data,Date and Time
8901425054789,21/04/2023 11:41:56
89014250547
QR Code Data,Date and Time
QR Code Data,Date and Time
https://www.google.com,21/04/2023 14:30:20
https://academia.srmist.edu.in,21/04/2023 14:30:42
QR Code Data,Date and Time
111113,21/04/2023 14:33:06
111113,21/04/2023 14:33:07
111113,21/04/2023 14:33:08
111113,21/04/2023 14:33:09
111113,21/04/2023 14:33:10
111113,21/04/2023 14:33:11
111113,21/04/2023 14:33:12
111113,21/04/2023 14:33:13
111113,21/04/2023 14:33:14
111113,21/04/2023 14:33:15
111113,21/04/2023 14:33:16
111113,21/04/2023 14:33:17
QR Code Data,Date and Time
https://www.youtube.com,21/04/2023 15:12:02
